timestamp,gpu_util_pct,mem_used_mib,temp_c
2026/04/24 11:31:37.049, 0, 951, 30
2026/04/24 11:31:39.071, 3, 1638, 30
2026/04/24 11:31:41.091, 98, 4064, 44
2026/04/24 11:31:43.114, 0, 1007, 32
2026/04/24 11:31:45.136, 99, 6144, 43
2026/04/24 11:31:47.160, 99, 6144, 43
2026/04/24 11:31:49.183, 0, 1007, 34
2026/04/24 11:31:51.203, 99, 8624, 45
2026/04/24 11:31:53.227, 100, 8624, 44
2026/04/24 11:31:55.253, 99, 8624, 45
2026/04/24 11:31:57.277, 0, 1007, 37
2026/04/24 11:31:59.297, 0, 3952, 35
2026/04/24 11:32:01.318, 98, 4064, 47
2026/04/24 11:32:03.340, 0, 1560, 35
2026/04/24 11:32:05.361, 98, 4064, 45
2026/04/24 11:32:07.384, 0, 1007, 36
2026/04/24 11:32:09.405, 99, 6144, 47
2026/04/24 11:32:11.433, 99, 6144, 48
2026/04/24 11:32:13.455, 0, 1007, 37
2026/04/24 11:32:15.531, 99, 6144, 47
2026/04/24 11:32:17.617, 99, 6144, 49
2026/04/24 11:32:19.639, 0, 1007, 38
2026/04/24 11:32:21.660, 100, 6893, 48
2026/04/24 11:32:23.685, 100, 6893, 49
2026/04/24 11:32:25.709, 23, 3926, 41
2026/04/24 11:32:27.731, 26, 6144, 39
2026/04/24 11:32:29.757, 99, 6144, 48
2026/04/24 11:32:31.782, 99, 6144, 49
2026/04/24 11:32:33.802, 5, 8624, 38
2026/04/24 11:32:35.851, 99, 8624, 48
2026/04/24 11:32:37.873, 100, 8624, 50
2026/04/24 11:32:39.898, 100, 8624, 49
2026/04/24 11:32:41.921, 0, 1008, 39
2026/04/24 11:32:43.941, 98, 4064, 49
2026/04/24 11:32:45.962, 0, 1008, 40
2026/04/24 11:32:47.982, 98, 4064, 49
2026/04/24 11:32:50.003, 0, 1008, 39
2026/04/24 11:32:52.024, 98, 4064, 49
2026/04/24 11:32:54.050, 0, 1008, 40
2026/04/24 11:32:56.071, 98, 4064, 49
2026/04/24 11:32:58.094, 5, 1008, 40
2026/04/24 11:33:00.114, 98, 4064, 49
2026/04/24 11:33:02.137, 0, 4064, 41
2026/04/24 11:33:04.158, 93, 8624, 48
2026/04/24 11:33:06.184, 99, 8624, 49
2026/04/24 11:33:08.207, 99, 8624, 52
2026/04/24 11:33:10.233, 100, 8624, 50
2026/04/24 11:33:12.257, 0, 1446, 40
2026/04/24 11:33:14.277, 98, 4064, 50
2026/04/24 11:33:16.301, 0, 1008, 40
2026/04/24 11:33:18.322, 99, 8624, 50
2026/04/24 11:33:20.345, 100, 8624, 51
2026/04/24 11:33:22.371, 100, 8624, 51
2026/04/24 11:33:24.396, 0, 1008, 42
2026/04/24 11:33:26.417, 98, 4064, 50
2026/04/24 11:33:28.438, 0, 1008, 42
2026/04/24 11:33:30.458, 98, 4064, 49
2026/04/24 11:33:32.481, 0, 1008, 44
2026/04/24 11:33:34.501, 55, 6144, 48
2026/04/24 11:33:36.524, 99, 6144, 53
2026/04/24 11:33:38.554, 99, 6144, 51
2026/04/24 11:33:40.576, 2, 6893, 41
2026/04/24 11:33:42.632, 100, 6893, 53
2026/04/24 11:33:44.656, 99, 3926, 48
2026/04/24 11:33:46.676, 0, 1008, 41
2026/04/24 11:33:48.697, 99, 4064, 52
2026/04/24 11:33:50.721, 0, 1008, 41
2026/04/24 11:33:52.745, 99, 8624, 51
2026/04/24 11:33:54.773, 99, 8624, 51
2026/04/24 11:33:56.803, 100, 8624, 53
2026/04/24 11:33:58.825, 0, 1008, 43
2026/04/24 11:34:00.846, 98, 4064, 51
2026/04/24 11:34:02.871, 5, 1008, 43
2026/04/24 11:34:04.892, 99, 6144, 50
2026/04/24 11:34:06.919, 99, 6144, 52
2026/04/24 11:34:08.942, 0, 1008, 44
2026/04/24 11:34:10.962, 73, 4064, 47
2026/04/24 11:34:12.983, 98, 4064, 52
2026/04/24 11:34:15.004, 5, 4064, 42
2026/04/24 11:34:17.027, 98, 4064, 54
2026/04/24 11:34:19.049, 0, 5512, 42
2026/04/24 11:34:21.070, 99, 6144, 52
2026/04/24 11:34:23.094, 99, 6144, 54
2026/04/24 11:34:25.116, 0, 1622, 42
2026/04/24 11:34:27.137, 99, 8624, 52
2026/04/24 11:34:29.162, 99, 8624, 52
2026/04/24 11:34:31.185, 99, 8624, 52
2026/04/24 11:34:33.207, 0, 1008, 43
2026/04/24 11:34:35.228, 99, 8624, 51
2026/04/24 11:34:37.254, 99, 8624, 53
2026/04/24 11:34:39.279, 100, 8624, 54
2026/04/24 11:34:41.301, 0, 1008, 44
2026/04/24 11:34:43.321, 98, 4064, 52
2026/04/24 11:34:45.344, 0, 1008, 44
2026/04/24 11:34:47.365, 98, 4064, 52
2026/04/24 11:34:49.390, 0, 4064, 45
2026/04/24 11:34:51.411, 55, 6148, 48
2026/04/24 11:34:53.435, 99, 6148, 55
2026/04/24 11:34:55.458, 99, 6148, 53
2026/04/24 11:34:57.478, 0, 1726, 43
2026/04/24 11:34:59.499, 99, 6148, 52
2026/04/24 11:35:01.522, 99, 6144, 54
2026/04/24 11:35:03.547, 0, 1007, 43
2026/04/24 11:35:05.570, 99, 6144, 53
2026/04/24 11:35:07.593, 99, 6148, 55
2026/04/24 11:35:09.614, 0, 1011, 43
2026/04/24 11:35:11.638, 99, 8628, 54
2026/04/24 11:35:13.661, 99, 8624, 54
2026/04/24 11:35:15.684, 99, 8624, 53
2026/04/24 11:35:17.711, 0, 1007, 45
2026/04/24 11:35:19.733, 98, 4064, 50
2026/04/24 11:35:21.755, 98, 4064, 53
2026/04/24 11:35:23.776, 13, 4064, 43
2026/04/24 11:35:25.798, 98, 4064, 54
2026/04/24 11:35:27.820, 0, 8624, 43
2026/04/24 11:35:29.842, 99, 8624, 55
2026/04/24 11:35:31.866, 100, 8624, 53
2026/04/24 11:35:33.891, 99, 8624, 53
2026/04/24 11:35:35.931, 0, 1015, 43
2026/04/24 11:35:37.995, 99, 6144, 55
2026/04/24 11:35:40.020, 99, 6144, 53
2026/04/24 11:35:42.043, 0, 1007, 44
2026/04/24 11:35:44.063, 98, 4064, 53
2026/04/24 11:35:46.084, 0, 1007, 44
2026/04/24 11:35:48.105, 99, 6144, 54
2026/04/24 11:35:50.128, 99, 6144, 55
2026/04/24 11:35:52.153, 9, 1007, 45
2026/04/24 11:35:54.173, 99, 6144, 52
2026/04/24 11:35:56.241, 99, 6144, 53
2026/04/24 11:35:58.279, 0, 1007, 45
2026/04/24 11:36:00.300, 30, 4064, 51
2026/04/24 11:36:02.324, 99, 4064, 55
2026/04/24 11:36:04.344, 0, 6144, 43
2026/04/24 11:36:06.365, 99, 6144, 54
2026/04/24 11:36:08.386, 99, 6144, 55
2026/04/24 11:36:10.410, 26, 5502, 44
2026/04/24 11:36:12.431, 99, 6144, 55
2026/04/24 11:36:14.459, 99, 6144, 54
2026/04/24 11:36:16.487, 0, 1027, 44
2026/04/24 11:36:18.512, 100, 6892, 54
2026/04/24 11:36:20.536, 100, 6892, 55
2026/04/24 11:36:22.558, 0, 1007, 44
2026/04/24 11:36:24.579, 100, 8624, 53
2026/04/24 11:36:26.604, 99, 8624, 53
2026/04/24 11:36:28.628, 99, 8624, 56
2026/04/24 11:36:30.650, 0, 1007, 46
2026/04/24 11:36:32.670, 99, 6144, 54
2026/04/24 11:36:34.695, 99, 6144, 55
2026/04/24 11:36:36.718, 0, 6144, 48
2026/04/24 11:36:38.739, 24, 6144, 44
2026/04/24 11:36:40.763, 99, 6144, 55
2026/04/24 11:36:42.787, 99, 6144, 56
2026/04/24 11:36:44.809, 0, 8608, 44
2026/04/24 11:36:46.833, 99, 8624, 54
2026/04/24 11:36:48.855, 99, 8624, 54
2026/04/24 11:36:50.878, 100, 8624, 56
2026/04/24 11:36:52.900, 0, 1007, 44
2026/04/24 11:36:54.922, 99, 6144, 56
2026/04/24 11:36:56.946, 99, 6144, 54
2026/04/24 11:36:58.970, 0, 1007, 45
2026/04/24 11:37:00.989, 98, 4064, 53
2026/04/24 11:37:03.050, 0, 1007, 44
2026/04/24 11:37:05.071, 99, 6144, 53
2026/04/24 11:37:07.098, 99, 6144, 53
2026/04/24 11:37:09.120, 0, 1007, 45
2026/04/24 11:37:11.140, 98, 4064, 53
2026/04/24 11:37:13.163, 0, 1007, 45
2026/04/24 11:37:15.185, 99, 8624, 54
2026/04/24 11:37:17.212, 99, 8624, 54
2026/04/24 11:37:19.238, 99, 8624, 56
2026/04/24 11:37:21.260, 0, 8624, 48
2026/04/24 11:37:23.281, 26, 6144, 46
2026/04/24 11:37:25.305, 99, 6144, 56
2026/04/24 11:37:27.326, 99, 6144, 54
2026/04/24 11:37:29.346, 0, 5522, 44
2026/04/24 11:37:31.368, 99, 6144, 54
2026/04/24 11:37:33.394, 99, 6144, 54
2026/04/24 11:37:35.419, 0, 1534, 44
2026/04/24 11:37:37.440, 99, 6144, 55
2026/04/24 11:37:39.465, 99, 6144, 56
2026/04/24 11:37:41.492, 0, 1007, 45
2026/04/24 11:37:43.513, 99, 6144, 54
2026/04/24 11:37:45.540, 99, 6144, 56
2026/04/24 11:37:47.563, 0, 1007, 45
2026/04/24 11:37:49.583, 98, 4064, 53
2026/04/24 11:37:51.605, 0, 1007, 45
2026/04/24 11:37:53.625, 98, 4064, 54
2026/04/24 11:37:55.650, 0, 1007, 45
2026/04/24 11:37:57.669, 99, 6144, 54
2026/04/24 11:37:59.694, 99, 6144, 54
2026/04/24 11:38:01.717, 0, 6144, 47
2026/04/24 11:38:03.738, 59, 6892, 50
2026/04/24 11:38:05.763, 100, 6892, 55
2026/04/24 11:38:07.786, 98, 3926, 51
2026/04/24 11:38:09.808, 0, 1007, 44
2026/04/24 11:38:11.830, 99, 6144, 55
2026/04/24 11:38:13.854, 99, 6144, 55
2026/04/24 11:38:15.877, 0, 1007, 45
2026/04/24 11:38:17.899, 99, 8624, 53
2026/04/24 11:38:19.922, 99, 8624, 54
2026/04/24 11:38:21.945, 100, 8624, 55
2026/04/24 11:38:23.966, 13, 1007, 45
2026/04/24 11:38:25.986, 99, 6144, 53
2026/04/24 11:38:28.010, 99, 6144, 55
2026/04/24 11:38:30.033, 0, 1007, 46
2026/04/24 11:38:32.052, 24, 6144, 45
2026/04/24 11:38:34.074, 99, 6144, 55
2026/04/24 11:38:36.096, 99, 6144, 56
2026/04/24 11:38:38.116, 0, 5512, 44
2026/04/24 11:38:40.138, 99, 6144, 53
2026/04/24 11:38:42.160, 99, 6144, 55
2026/04/24 11:38:44.182, 0, 1230, 45
2026/04/24 11:38:46.203, 99, 6144, 55
2026/04/24 11:38:48.227, 99, 6144, 54
2026/04/24 11:38:50.251, 0, 1007, 45
2026/04/24 11:38:52.273, 100, 8624, 54
2026/04/24 11:38:54.298, 99, 8624, 56
2026/04/24 11:38:56.372, 99, 8624, 54
2026/04/24 11:38:58.450, 0, 1007, 45
2026/04/24 11:39:00.471, 99, 8624, 53
2026/04/24 11:39:02.494, 99, 8624, 56
2026/04/24 11:39:04.519, 99, 8624, 54
2026/04/24 11:39:06.541, 0, 1007, 46
2026/04/24 11:39:08.561, 99, 8624, 54
2026/04/24 11:39:10.584, 100, 8624, 56
2026/04/24 11:39:12.609, 99, 8624, 54
2026/04/24 11:39:14.631, 99, 8624, 51
2026/04/24 11:39:16.653, 5, 6128, 45
2026/04/24 11:39:18.676, 99, 6144, 54
2026/04/24 11:39:20.699, 99, 6144, 55
2026/04/24 11:39:22.722, 0, 1534, 45
2026/04/24 11:39:24.744, 99, 6144, 54
2026/04/24 11:39:26.766, 99, 6144, 56
2026/04/24 11:39:28.788, 0, 1007, 45
2026/04/24 11:39:30.809, 100, 8624, 54
2026/04/24 11:39:32.836, 100, 8624, 55
2026/04/24 11:39:34.859, 99, 8624, 57
2026/04/24 11:39:36.882, 0, 1007, 46
2026/04/24 11:39:38.903, 99, 6144, 54
2026/04/24 11:39:40.928, 99, 6144, 54
2026/04/24 11:39:42.953, 0, 1007, 46
2026/04/24 11:39:44.973, 99, 4064, 55
2026/04/24 11:39:46.994, 0, 1007, 46
2026/04/24 11:39:49.015, 93, 8624, 53
2026/04/24 11:39:51.039, 99, 8624, 54
2026/04/24 11:39:53.064, 99, 8624, 56
2026/04/24 11:39:55.088, 100, 8624, 56
2026/04/24 11:39:57.109, 0, 1638, 45
2026/04/24 11:39:59.131, 99, 4064, 56
2026/04/24 11:40:01.153, 0, 1007, 45
2026/04/24 11:40:03.174, 100, 6892, 55
2026/04/24 11:40:05.199, 100, 6892, 57
2026/04/24 11:40:07.223, 0, 1007, 46
2026/04/24 11:40:09.244, 99, 8624, 54
2026/04/24 11:40:11.268, 99, 8624, 54
2026/04/24 11:40:13.293, 99, 8624, 55
2026/04/24 11:40:15.315, 100, 8624, 56
2026/04/24 11:40:17.335, 0, 6136, 45
2026/04/24 11:40:19.355, 99, 6144, 54
2026/04/24 11:40:21.378, 99, 6144, 55
2026/04/24 11:40:23.452, 0, 1018, 45
2026/04/24 11:40:25.475, 99, 6144, 54
2026/04/24 11:40:27.502, 99, 6144, 55
2026/04/24 11:40:29.526, 0, 1007, 45
2026/04/24 11:40:31.546, 99, 8624, 54
2026/04/24 11:40:33.571, 100, 8624, 56
2026/04/24 11:40:35.600, 100, 8624, 55
2026/04/24 11:40:37.623, 0, 1007, 46
2026/04/24 11:40:39.644, 100, 8624, 53
2026/04/24 11:40:41.671, 99, 8624, 56
2026/04/24 11:40:43.695, 99, 8624, 56
2026/04/24 11:40:45.717, 36, 8624, 48
2026/04/24 11:40:47.739, 3, 6144, 48
2026/04/24 11:40:49.763, 99, 6144, 56
2026/04/24 11:40:51.787, 99, 6144, 57
2026/04/24 11:40:53.806, 0, 1722, 45
2026/04/24 11:40:55.829, 99, 6144, 56
2026/04/24 11:40:57.855, 99, 6144, 56
2026/04/24 11:40:59.877, 0, 1007, 46
2026/04/24 11:41:01.898, 99, 8624, 54
2026/04/24 11:41:03.923, 99, 8624, 55
2026/04/24 11:41:05.948, 100, 8624, 56
2026/04/24 11:41:07.973, 0, 1007, 46
2026/04/24 11:41:09.993, 99, 6144, 55
2026/04/24 11:41:12.019, 99, 6144, 56
2026/04/24 11:41:14.042, 0, 1007, 47
2026/04/24 11:41:16.062, 100, 8624, 54
2026/04/24 11:41:18.086, 99, 8624, 56
2026/04/24 11:41:20.113, 100, 8624, 56
2026/04/24 11:41:22.138, 0, 8624, 47
2026/04/24 11:41:24.159, 85, 8624, 54
2026/04/24 11:41:26.185, 99, 8624, 56
2026/04/24 11:41:28.208, 99, 8624, 55
2026/04/24 11:41:30.231, 100, 8624, 57
2026/04/24 11:41:32.254, 0, 1534, 46
2026/04/24 11:41:34.275, 99, 6144, 55
2026/04/24 11:41:36.299, 99, 6144, 57
2026/04/24 11:41:38.320, 0, 1007, 46
2026/04/24 11:41:40.344, 98, 4064, 55
2026/04/24 11:41:42.365, 0, 1007, 46
2026/04/24 11:41:44.385, 99, 8624, 55
2026/04/24 11:41:46.409, 99, 8624, 55
2026/04/24 11:41:48.431, 99, 8624, 55
2026/04/24 11:41:50.456, 0, 1007, 48
2026/04/24 11:41:52.476, 99, 6144, 52
2026/04/24 11:41:54.501, 99, 6144, 55
2026/04/24 11:41:56.526, 99, 6144, 57
2026/04/24 11:41:58.545, 5, 6144, 45
2026/04/24 11:42:00.571, 99, 6144, 55
2026/04/24 11:42:02.596, 99, 6144, 56
2026/04/24 11:42:04.618, 0, 1884, 45
2026/04/24 11:42:06.640, 99, 8624, 54
2026/04/24 11:42:08.667, 99, 8624, 55
2026/04/24 11:42:10.693, 99, 8624, 58
2026/04/24 11:42:12.715, 0, 1007, 46
2026/04/24 11:42:14.736, 99, 6144, 55
2026/04/24 11:42:16.783, 99, 6144, 57
2026/04/24 11:42:18.851, 0, 1007, 46
2026/04/24 11:42:20.872, 100, 6897, 55
2026/04/24 11:42:22.900, 100, 6897, 57
2026/04/24 11:42:24.923, 0, 1007, 47
2026/04/24 11:42:26.983, 99, 6144, 53
2026/04/24 11:42:29.047, 99, 6144, 55
2026/04/24 11:42:31.070, 99, 6144, 50
2026/04/24 11:42:33.092, 26, 6144, 49
2026/04/24 11:42:35.117, 99, 6144, 55
2026/04/24 11:42:37.142, 99, 6144, 56
2026/04/24 11:42:39.163, 0, 3952, 45
2026/04/24 11:42:41.187, 99, 4064, 55
2026/04/24 11:42:43.213, 0, 1872, 45
2026/04/24 11:42:45.234, 99, 6144, 56
2026/04/24 11:42:47.261, 99, 6144, 55
2026/04/24 11:42:49.285, 0, 1007, 45
2026/04/24 11:42:51.306, 98, 4064, 55
2026/04/24 11:42:53.327, 0, 1007, 45
2026/04/24 11:42:55.348, 100, 6893, 57
2026/04/24 11:42:57.372, 100, 6893, 56
2026/04/24 11:42:59.395, 0, 3926, 47
2026/04/24 11:43:01.415, 82, 8624, 51
2026/04/24 11:43:03.440, 99, 8624, 54
2026/04/24 11:43:05.467, 99, 8624, 57
2026/04/24 11:43:07.495, 99, 8624, 56
2026/04/24 11:43:09.516, 0, 1622, 45
2026/04/24 11:43:11.540, 99, 8624, 54
2026/04/24 11:43:13.564, 99, 8624, 57
2026/04/24 11:43:15.588, 99, 8624, 56
2026/04/24 11:43:17.614, 0, 1007, 46
2026/04/24 11:43:19.635, 98, 4064, 55
2026/04/24 11:43:21.656, 0, 1007, 46
2026/04/24 11:43:23.679, 98, 4064, 53
2026/04/24 11:43:25.699, 0, 1007, 47
2026/04/24 11:43:27.719, 9, 6893, 45
2026/04/24 11:43:29.743, 100, 6893, 57
2026/04/24 11:43:31.767, 99, 3926, 53
2026/04/24 11:43:33.789, 0, 1007, 45
2026/04/24 11:43:35.859, 99, 6144, 54
2026/04/24 11:43:37.883, 99, 6144, 56
2026/04/24 11:43:39.907, 0, 1007, 45
2026/04/24 11:43:41.928, 99, 6144, 56
2026/04/24 11:43:43.952, 99, 6144, 55
2026/04/24 11:43:45.973, 0, 1007, 46
2026/04/24 11:43:47.994, 100, 8624, 53
2026/04/24 11:43:50.018, 99, 8624, 56
2026/04/24 11:43:52.041, 99, 8624, 56
2026/04/24 11:43:54.063, 0, 1007, 47
2026/04/24 11:43:56.083, 67, 6144, 51
2026/04/24 11:43:58.105, 99, 6144, 57
2026/04/24 11:44:00.127, 99, 6144, 55
2026/04/24 11:44:02.148, 5, 6144, 45
2026/04/24 11:44:04.170, 99, 6144, 54
2026/04/24 11:44:06.198, 99, 6144, 55
2026/04/24 11:44:08.221, 0, 1286, 45
2026/04/24 11:44:10.243, 100, 8624, 55
2026/04/24 11:44:12.267, 100, 8624, 54
2026/04/24 11:44:14.296, 99, 8624, 57
2026/04/24 11:44:16.319, 0, 1007, 46
2026/04/24 11:44:18.341, 99, 6144, 55
2026/04/24 11:44:20.365, 99, 6144, 56
2026/04/24 11:44:22.387, 0, 1007, 47
2026/04/24 11:44:24.409, 99, 8624, 52
2026/04/24 11:44:26.434, 99, 8624, 57
2026/04/24 11:44:28.459, 100, 8624, 56
2026/04/24 11:44:30.481, 0, 8624, 48
2026/04/24 11:44:32.502, 100, 8624, 53
2026/04/24 11:44:34.529, 99, 8624, 55
2026/04/24 11:44:36.555, 99, 8624, 57
2026/04/24 11:44:38.580, 99, 8624, 55
2026/04/24 11:44:40.603, 0, 1560, 46
2026/04/24 11:44:42.624, 99, 4064, 55
2026/04/24 11:44:44.647, 0, 1007, 46
2026/04/24 11:44:46.668, 99, 8624, 54
2026/04/24 11:44:48.694, 99, 8624, 56
2026/04/24 11:44:50.720, 99, 8624, 57
2026/04/24 11:44:52.742, 0, 1007, 47
2026/04/24 11:44:54.762, 99, 6144, 54
2026/04/24 11:44:56.784, 99, 6144, 56
2026/04/24 11:44:58.805, 0, 1007, 47
2026/04/24 11:45:00.826, 82, 8624, 53
2026/04/24 11:45:02.849, 99, 8624, 57
2026/04/24 11:45:04.875, 100, 8624, 55
2026/04/24 11:45:06.899, 99, 8624, 56
2026/04/24 11:45:08.919, 1, 8624, 46
2026/04/24 11:45:10.942, 99, 8624, 54
2026/04/24 11:45:12.965, 99, 8624, 57
2026/04/24 11:45:14.989, 99, 8624, 57
2026/04/24 11:45:17.013, 0, 1007, 46
2026/04/24 11:45:19.033, 100, 6893, 57
2026/04/24 11:45:21.060, 100, 6893, 57
2026/04/24 11:45:23.081, 0, 1007, 46
2026/04/24 11:45:25.102, 99, 8624, 55
2026/04/24 11:45:27.194, 100, 8624, 56
2026/04/24 11:45:29.299, 99, 8624, 55
2026/04/24 11:45:31.322, 0, 8624, 50
2026/04/24 11:45:33.342, 13, 4064, 48
2026/04/24 11:45:35.364, 98, 4064, 58
2026/04/24 11:45:37.384, 0, 1534, 45
2026/04/24 11:45:39.405, 99, 6144, 54
2026/04/24 11:45:41.431, 99, 6144, 56
2026/04/24 11:45:43.457, 0, 1007, 46
2026/04/24 11:45:45.480, 100, 6893, 58
2026/04/24 11:45:47.504, 100, 6893, 57
2026/04/24 11:45:49.527, 5, 1007, 47
2026/04/24 11:45:51.547, 99, 6144, 53
2026/04/24 11:45:53.571, 99, 6144, 57
2026/04/24 11:45:55.594, 0, 1007, 49
2026/04/24 11:45:57.614, 17, 6144, 46
2026/04/24 11:45:59.640, 99, 6144, 57
2026/04/24 11:46:01.661, 41, 6144, 52
2026/04/24 11:46:03.681, 3, 4616, 46
2026/04/24 11:46:05.704, 99, 6144, 57
2026/04/24 11:46:07.728, 99, 6144, 55
2026/04/24 11:46:09.754, 0, 1007, 46
2026/04/24 11:46:11.775, 99, 6144, 55
2026/04/24 11:46:13.799, 99, 6144, 55
2026/04/24 11:46:15.822, 0, 1007, 46
2026/04/24 11:46:17.843, 98, 4064, 56
2026/04/24 11:46:19.866, 0, 1007, 46
2026/04/24 11:46:21.886, 98, 4064, 54
2026/04/24 11:46:23.912, 5, 1007, 46
2026/04/24 11:46:25.933, 99, 6144, 53
2026/04/24 11:46:27.956, 99, 6144, 56
2026/04/24 11:46:29.977, 54, 6144, 48
2026/04/24 11:46:31.999, 42, 8624, 50
2026/04/24 11:46:34.024, 100, 8624, 55
2026/04/24 11:46:36.046, 99, 8624, 55
2026/04/24 11:46:38.070, 99, 8624, 57
2026/04/24 11:46:40.094, 0, 1722, 45
2026/04/24 11:46:42.116, 99, 6144, 56
2026/04/24 11:46:44.141, 99, 6144, 55
2026/04/24 11:46:46.165, 0, 1007, 46
2026/04/24 11:46:48.185, 100, 8624, 56
2026/04/24 11:46:50.209, 100, 8624, 55
2026/04/24 11:46:52.239, 99, 8624, 55
2026/04/24 11:46:54.262, 0, 1007, 46
2026/04/24 11:46:56.283, 99, 8624, 57
2026/04/24 11:46:58.307, 99, 8624, 55
2026/04/24 11:47:00.330, 99, 8624, 55
2026/04/24 11:47:02.352, 0, 1007, 47
2026/04/24 11:47:04.372, 99, 8624, 53
2026/04/24 11:47:06.399, 100, 8624, 57
2026/04/24 11:47:08.423, 100, 8624, 55
2026/04/24 11:47:10.448, 99, 8624, 58
2026/04/24 11:47:12.470, 0, 3486, 46
2026/04/24 11:47:14.492, 98, 4064, 56
2026/04/24 11:47:16.514, 0, 1007, 46
2026/04/24 11:47:18.536, 99, 8624, 54
2026/04/24 11:47:20.561, 99, 8624, 57
2026/04/24 11:47:22.585, 99, 8624, 55
2026/04/24 11:47:24.606, 0, 1007, 47
2026/04/24 11:47:26.628, 99, 6144, 56
2026/04/24 11:47:28.655, 99, 6144, 57
2026/04/24 11:47:30.678, 0, 1007, 47
2026/04/24 11:47:32.700, 98, 4064, 56
2026/04/24 11:47:34.724, 0, 1007, 48
2026/04/24 11:47:36.745, 35, 8624, 47
2026/04/24 11:47:38.769, 99, 8624, 56
2026/04/24 11:47:40.797, 100, 8624, 56
2026/04/24 11:47:42.820, 99, 8624, 55
2026/04/24 11:47:44.840, 0, 2041, 46
2026/04/24 11:47:46.861, 100, 6893, 58
2026/04/24 11:47:48.885, 99, 6893, 53
2026/04/24 11:47:50.906, 0, 1007, 46
2026/04/24 11:47:52.927, 98, 4064, 56
2026/04/24 11:47:54.948, 0, 1007, 46
2026/04/24 11:47:56.969, 99, 8624, 54
2026/04/24 11:47:58.994, 99, 8624, 54
2026/04/24 11:48:01.020, 100, 8628, 57
2026/04/24 11:48:03.043, 0, 8628, 49
2026/04/24 11:48:05.068, 3, 6893, 47
2026/04/24 11:48:07.091, 100, 6893, 56
2026/04/24 11:48:09.114, 99, 3926, 52
2026/04/24 11:48:11.135, 0, 1008, 46
2026/04/24 11:48:13.156, 99, 6144, 54
2026/04/24 11:48:15.180, 99, 6144, 56
2026/04/24 11:48:17.202, 0, 1008, 46
2026/04/24 11:48:19.222, 98, 4064, 54
2026/04/24 11:48:21.245, 5, 1008, 47
2026/04/24 11:48:23.267, 99, 8624, 53
2026/04/24 11:48:25.296, 100, 8624, 56
2026/04/24 11:48:27.324, 100, 8624, 54
2026/04/24 11:48:29.347, 99, 8624, 57
2026/04/24 11:48:31.367, 5, 4064, 46
2026/04/24 11:48:33.394, 98, 4064, 56
2026/04/24 11:48:35.416, 0, 7506, 45
2026/04/24 11:48:37.440, 99, 8624, 54
2026/04/24 11:48:39.467, 99, 8624, 57
2026/04/24 11:48:41.492, 99, 8624, 55
2026/04/24 11:48:43.516, 0, 1008, 46
2026/04/24 11:48:45.537, 98, 4064, 56
2026/04/24 11:48:47.565, 0, 1008, 46
2026/04/24 11:48:49.623, 99, 6144, 54
2026/04/24 11:48:51.647, 99, 6144, 56
2026/04/24 11:48:53.672, 0, 1008, 46
2026/04/24 11:48:55.693, 99, 8624, 53
2026/04/24 11:48:57.755, 99, 8624, 55
2026/04/24 11:48:59.852, 100, 8624, 56
2026/04/24 11:49:01.876, 30, 1008, 49
2026/04/24 11:49:03.896, 39, 8624, 51
2026/04/24 11:49:05.921, 99, 8624, 55
2026/04/24 11:49:07.945, 99, 8624, 57
2026/04/24 11:49:09.968, 99, 8624, 56
2026/04/24 11:49:11.990, 0, 6094, 46
2026/04/24 11:49:14.016, 99, 6144, 55
2026/04/24 11:49:16.039, 99, 6144, 56
2026/04/24 11:49:18.061, 0, 1008, 46
2026/04/24 11:49:20.082, 100, 6893, 57
2026/04/24 11:49:22.108, 100, 6893, 57
2026/04/24 11:49:24.130, 0, 1008, 46
2026/04/24 11:49:26.151, 99, 6144, 54
2026/04/24 11:49:28.177, 99, 6144, 56
2026/04/24 11:49:30.202, 9, 1008, 47
2026/04/24 11:49:32.222, 99, 8624, 55
2026/04/24 11:49:34.245, 99, 8624, 55
2026/04/24 11:49:36.270, 99, 8624, 56
2026/04/24 11:49:38.294, 100, 8624, 58
2026/04/24 11:49:40.315, 0, 5522, 46
2026/04/24 11:49:42.336, 99, 6144, 57
2026/04/24 11:49:44.361, 99, 6144, 56
2026/04/24 11:49:46.386, 0, 1008, 46
2026/04/24 11:49:48.407, 99, 8624, 54
2026/04/24 11:49:50.433, 99, 8624, 57
2026/04/24 11:49:52.456, 99, 8624, 55
2026/04/24 11:49:54.480, 0, 1008, 47
2026/04/24 11:49:56.501, 98, 4064, 55
2026/04/24 11:49:58.524, 5, 1008, 47
2026/04/24 11:50:00.546, 99, 8624, 54
2026/04/24 11:50:02.570, 99, 8624, 55
2026/04/24 11:50:04.598, 99, 8624, 57
2026/04/24 11:50:06.676, 0, 8624, 48
2026/04/24 11:50:08.697, 99, 6144, 54
2026/04/24 11:50:10.721, 99, 6144, 56
2026/04/24 11:50:12.744, 23, 6144, 51
2026/04/24 11:50:14.765, 2, 3936, 46
2026/04/24 11:50:16.788, 99, 4064, 55
2026/04/24 11:50:18.814, 0, 1008, 46
2026/04/24 11:50:20.841, 100, 6893, 56
2026/04/24 11:50:22.866, 100, 6893, 58
2026/04/24 11:50:24.888, 0, 1008, 46
2026/04/24 11:50:26.909, 99, 6144, 54
2026/04/24 11:50:28.934, 99, 6144, 57
2026/04/24 11:50:30.958, 0, 1008, 47
2026/04/24 11:50:32.979, 98, 4064, 55
2026/04/24 11:50:35.002, 88, 4064, 49
2026/04/24 11:50:37.024, 26, 6144, 50
2026/04/24 11:50:39.048, 99, 6144, 56
2026/04/24 11:50:41.074, 99, 6144, 55
2026/04/24 11:50:43.095, 0, 3952, 45
2026/04/24 11:50:45.116, 98, 4064, 56
2026/04/24 11:50:47.144, 0, 1018, 45
2026/04/24 11:50:49.170, 98, 4064, 54
2026/04/24 11:50:51.196, 0, 1008, 45
2026/04/24 11:50:53.217, 98, 4064, 54
2026/04/24 11:50:55.242, 5, 1008, 45
2026/04/24 11:50:57.263, 98, 4064, 54
2026/04/24 11:50:59.286, 0, 1008, 45
2026/04/24 11:51:01.309, 99, 6144, 54
2026/04/24 11:51:03.336, 99, 6144, 54
2026/04/24 11:51:05.359, 0, 6144, 47
2026/04/24 11:51:07.380, 74, 8624, 48
2026/04/24 11:51:09.405, 99, 8624, 55
2026/04/24 11:51:11.430, 100, 8624, 55
2026/04/24 11:51:13.457, 99, 8624, 54
2026/04/24 11:51:15.479, 0, 1622, 45
2026/04/24 11:51:17.501, 99, 8624, 56
2026/04/24 11:51:19.525, 99, 8624, 54
2026/04/24 11:51:21.549, 99, 8624, 55
2026/04/24 11:51:23.576, 0, 1008, 46
2026/04/24 11:51:25.596, 100, 6893, 56
2026/04/24 11:51:27.620, 100, 6893, 58
2026/04/24 11:51:29.642, 0, 1008, 47
2026/04/24 11:51:31.662, 76, 8624, 51
2026/04/24 11:51:33.686, 99, 8624, 55
2026/04/24 11:51:35.710, 99, 8624, 55
2026/04/24 11:51:37.734, 99, 8624, 58
2026/04/24 11:51:39.754, 0, 6144, 45
2026/04/24 11:51:41.780, 99, 6144, 54
2026/04/24 11:51:43.806, 99, 6144, 55
2026/04/24 11:51:45.830, 0, 1722, 46
2026/04/24 11:51:47.851, 99, 6144, 56
2026/04/24 11:51:49.927, 99, 6144, 57
2026/04/24 11:51:51.948, 0, 1008, 45
2026/04/24 11:51:53.968, 99, 6144, 56
2026/04/24 11:51:55.994, 99, 6144, 55
2026/04/24 11:51:58.041, 0, 1008, 46
2026/04/24 11:52:00.062, 99, 6144, 55
2026/04/24 11:52:02.086, 99, 6144, 55
2026/04/24 11:52:04.111, 0, 1008, 46
2026/04/24 11:52:06.132, 99, 8624, 54
2026/04/24 11:52:08.196, 100, 8624, 56
2026/04/24 11:52:10.276, 100, 8624, 55
2026/04/24 11:52:12.300, 13, 1008, 50
2026/04/24 11:52:14.320, 56, 6144, 50
2026/04/24 11:52:16.346, 99, 6144, 57
2026/04/24 11:52:18.370, 99, 6144, 56
2026/04/24 11:52:20.391, 5, 6144, 46
2026/04/24 11:52:22.418, 99, 6144, 57
2026/04/24 11:52:24.441, 75, 6144, 49
2026/04/24 11:52:26.461, 13, 3504, 45
2026/04/24 11:52:28.481, 98, 4064, 56
2026/04/24 11:52:30.505, 0, 1008, 45
2026/04/24 11:52:32.526, 99, 8624, 56
2026/04/24 11:52:34.551, 99, 8624, 54
2026/04/24 11:52:36.580, 99, 8624, 57
2026/04/24 11:52:38.605, 0, 1008, 46
2026/04/24 11:52:40.625, 100, 8624, 56
2026/04/24 11:52:42.651, 99, 8624, 55
2026/04/24 11:52:44.676, 100, 8624, 57
2026/04/24 11:52:46.698, 13, 1008, 47
2026/04/24 11:52:48.719, 80, 6893, 52
2026/04/24 11:52:50.743, 100, 6893, 56
2026/04/24 11:52:52.767, 98, 3926, 53
2026/04/24 11:52:54.790, 0, 1232, 46
2026/04/24 11:52:56.811, 99, 6148, 57
2026/04/24 11:52:58.835, 99, 6144, 55
2026/04/24 11:53:00.858, 0, 1008, 46
2026/04/24 11:53:02.881, 99, 6144, 56
2026/04/24 11:53:04.906, 99, 6144, 55
2026/04/24 11:53:06.929, 0, 1008, 46
2026/04/24 11:53:08.950, 99, 6144, 55
2026/04/24 11:53:10.974, 99, 6144, 55
2026/04/24 11:53:12.998, 9, 1008, 47
2026/04/24 11:53:15.053, 99, 8629, 55
2026/04/24 11:53:17.076, 99, 8628, 55
2026/04/24 11:53:19.101, 99, 8628, 57
2026/04/24 11:53:21.123, 0, 1007, 47
2026/04/24 11:53:23.144, 99, 4064, 52
2026/04/24 11:53:25.168, 98, 4068, 55
2026/04/24 11:53:27.188, 3, 5534, 46
2026/04/24 11:53:29.209, 99, 6144, 55
2026/04/24 11:53:31.233, 99, 6144, 55
2026/04/24 11:53:33.259, 0, 1622, 45
2026/04/24 11:53:35.282, 99, 8624, 55
2026/04/24 11:53:37.307, 99, 8624, 55
2026/04/24 11:53:39.332, 100, 8624, 55
2026/04/24 11:53:41.359, 0, 1007, 46
2026/04/24 11:53:43.380, 99, 6144, 54
2026/04/24 11:53:45.405, 99, 6144, 55
2026/04/24 11:53:47.429, 0, 1007, 46
2026/04/24 11:53:49.449, 99, 6144, 53
2026/04/24 11:53:51.476, 99, 6144, 55
2026/04/24 11:53:53.499, 0, 1007, 48
2026/04/24 11:53:55.520, 100, 8624, 54
2026/04/24 11:53:57.545, 99, 8624, 55
2026/04/24 11:53:59.568, 99, 8624, 57
2026/04/24 11:54:01.590, 99, 8624, 55
2026/04/24 11:54:03.611, 0, 4064, 46
2026/04/24 11:54:05.635, 98, 4064, 57
2026/04/24 11:54:07.661, 5, 1446, 45
2026/04/24 11:54:09.683, 98, 4064, 55
2026/04/24 11:54:11.706, 0, 1007, 45
2026/04/24 11:54:13.726, 98, 4064, 56
2026/04/24 11:54:15.748, 0, 1007, 45
2026/04/24 11:54:17.769, 99, 6144, 55
2026/04/24 11:54:19.795, 99, 6144, 55
2026/04/24 11:54:21.819, 0, 1007, 46
2026/04/24 11:54:23.841, 100, 6893, 56
2026/04/24 11:54:25.867, 100, 6893, 56
2026/04/24 11:54:27.890, 99, 3926, 49
2026/04/24 11:54:29.912, 42, 8624, 49
2026/04/24 11:54:31.938, 99, 8624, 56
2026/04/24 11:54:33.964, 99, 8624, 54
2026/04/24 11:54:35.988, 99, 8624, 57
2026/04/24 11:54:38.015, 0, 1872, 45
2026/04/24 11:54:40.037, 99, 6144, 54
2026/04/24 11:54:42.063, 99, 6144, 57
2026/04/24 11:54:44.088, 0, 1007, 46
2026/04/24 11:54:46.108, 99, 4064, 54
2026/04/24 11:54:48.132, 0, 1007, 46
2026/04/24 11:54:50.153, 100, 6893, 55
2026/04/24 11:54:52.179, 100, 6893, 56
2026/04/24 11:54:54.203, 99, 3926, 52
2026/04/24 11:54:56.225, 0, 8624, 45
2026/04/24 11:54:58.251, 100, 8624, 55
2026/04/24 11:55:00.277, 100, 8624, 54
2026/04/24 11:55:02.301, 99, 8624, 57
2026/04/24 11:55:04.324, 0, 1534, 45
2026/04/24 11:55:06.345, 99, 6144, 55
2026/04/24 11:55:08.403, 99, 6144, 55
2026/04/24 11:55:10.492, 0, 1228, 46
2026/04/24 11:55:12.514, 99, 6144, 56
2026/04/24 11:55:14.538, 99, 6144, 55
2026/04/24 11:55:16.560, 0, 1007, 46
2026/04/24 11:55:18.617, 99, 8624, 56
2026/04/24 11:55:20.685, 100, 8624, 56
2026/04/24 11:55:22.709, 99, 8624, 55
2026/04/24 11:55:24.730, 0, 1007, 46
2026/04/24 11:55:26.751, 99, 6144, 54
2026/04/24 11:55:28.777, 99, 6144, 56
2026/04/24 11:55:30.800, 0, 1007, 47
2026/04/24 11:55:32.823, 98, 4064, 54
2026/04/24 11:55:34.852, 0, 1007, 47
2026/04/24 11:55:36.872, 98, 4064, 55
2026/04/24 11:55:38.896, 45, 4064, 51
2026/04/24 11:55:40.918, 27, 6144, 46
2026/04/24 11:55:42.942, 99, 6144, 55
2026/04/24 11:55:44.966, 99, 6144, 54
2026/04/24 11:55:46.988, 0, 1638, 45
2026/04/24 11:55:49.009, 98, 4064, 56
2026/04/24 11:55:51.033, 0, 1007, 45
2026/04/24 11:55:53.053, 98, 4064, 55
2026/04/24 11:55:55.078, 0, 1007, 45
2026/04/24 11:55:57.101, 99, 8624, 54
2026/04/24 11:55:59.125, 99, 8624, 55
2026/04/24 11:56:01.149, 100, 8624, 55
2026/04/24 11:56:03.174, 13, 1007, 46
2026/04/24 11:56:05.194, 99, 8624, 53
2026/04/24 11:56:07.216, 100, 8624, 56
2026/04/24 11:56:09.241, 99, 8624, 55
2026/04/24 11:56:11.265, 99, 8624, 57
2026/04/24 11:56:13.291, 3, 8624, 47
2026/04/24 11:56:15.317, 99, 8624, 55
2026/04/24 11:56:17.342, 99, 8624, 56
2026/04/24 11:56:19.367, 99, 8624, 56
2026/04/24 11:56:21.392, 0, 2041, 46
2026/04/24 11:56:23.414, 100, 6893, 55
2026/04/24 11:56:25.438, 99, 6893, 53
2026/04/24 11:56:27.460, 0, 1007, 46
2026/04/24 11:56:29.480, 99, 6144, 55
2026/04/24 11:56:31.504, 99, 6144, 55
2026/04/24 11:56:33.527, 0, 1007, 46
2026/04/24 11:56:35.548, 100, 8624, 56
2026/04/24 11:56:37.575, 99, 8624, 54
2026/04/24 11:56:39.602, 99, 8624, 57
2026/04/24 11:56:41.629, 0, 1007, 48
2026/04/24 11:56:43.649, 100, 8624, 53
2026/04/24 11:56:45.676, 99, 8624, 57
2026/04/24 11:56:47.701, 99, 8624, 55
2026/04/24 11:56:49.723, 99, 8624, 56
2026/04/24 11:56:51.743, 5, 4064, 46
2026/04/24 11:56:53.767, 98, 4064, 56
2026/04/24 11:56:55.789, 0, 1534, 46
2026/04/24 11:56:57.810, 99, 6144, 55
2026/04/24 11:56:59.832, 99, 6144, 55
2026/04/24 11:57:01.855, 0, 1007, 46
2026/04/24 11:57:03.876, 99, 6144, 55
2026/04/24 11:57:05.902, 99, 6144, 55
2026/04/24 11:57:07.925, 0, 1007, 46
2026/04/24 11:57:09.946, 99, 8624, 53
2026/04/24 11:57:11.971, 100, 8624, 57
2026/04/24 11:57:13.995, 99, 8624, 55
2026/04/24 11:57:16.018, 25, 1007, 51
2026/04/24 11:57:18.043, 98, 4064, 54
2026/04/24 11:57:20.065, 0, 4064, 47
2026/04/24 11:57:22.085, 69, 4064, 51
2026/04/24 11:57:24.110, 98, 4064, 57
2026/04/24 11:57:26.131, 5, 2108, 45
2026/04/24 11:57:28.153, 99, 8624, 55
2026/04/24 11:57:30.181, 100, 8624, 56
2026/04/24 11:57:32.205, 99, 8624, 55
2026/04/24 11:57:34.228, 0, 1007, 46
2026/04/24 11:57:36.250, 100, 6893, 55
2026/04/24 11:57:38.278, 100, 6893, 55
2026/04/24 11:57:40.302, 5, 1007, 46
2026/04/24 11:57:42.322, 99, 8624, 54
2026/04/24 11:57:44.346, 99, 8624, 55
2026/04/24 11:57:46.369, 99, 8624, 56
2026/04/24 11:57:48.394, 84, 8624, 49
2026/04/24 11:57:50.414, 26, 6144, 50
2026/04/24 11:57:52.441, 99, 6144, 57
2026/04/24 11:57:54.465, 99, 6144, 56
2026/04/24 11:57:56.486, 5, 6144, 46
2026/04/24 11:57:58.509, 99, 6144, 56
2026/04/24 11:58:00.532, 99, 6144, 57
2026/04/24 11:58:02.560, 0, 7488, 46
2026/04/24 11:58:04.583, 99, 8624, 56
2026/04/24 11:58:06.608, 100, 8624, 56
2026/04/24 11:58:08.641, 100, 8624, 55
2026/04/24 11:58:10.663, 0, 1007, 46
2026/04/24 11:58:12.683, 99, 8624, 55
2026/04/24 11:58:14.707, 99, 8624, 57
2026/04/24 11:58:16.730, 100, 8624, 55
2026/04/24 11:58:18.782, 0, 1007, 46
2026/04/24 11:58:20.818, 98, 4064, 56
2026/04/24 11:58:22.840, 5, 1007, 47
2026/04/24 11:58:24.863, 100, 8624, 53
2026/04/24 11:58:26.888, 99, 8624, 57
2026/04/24 11:58:28.976, 100, 8624, 56
2026/04/24 11:58:31.065, 99, 8624, 55
2026/04/24 11:58:33.086, 1, 4064, 46
2026/04/24 11:58:35.108, 98, 4064, 55
2026/04/24 11:58:37.128, 0, 7506, 46
2026/04/24 11:58:39.149, 99, 8624, 55
2026/04/24 11:58:41.174, 99, 8624, 56
2026/04/24 11:58:43.202, 100, 8624, 57
2026/04/24 11:58:45.226, 0, 1007, 46
2026/04/24 11:58:47.248, 99, 6144, 55
2026/04/24 11:58:49.276, 99, 6144, 56
2026/04/24 11:58:51.299, 0, 1007, 46
2026/04/24 11:58:53.320, 99, 6144, 57
2026/04/24 11:58:55.344, 99, 6144, 57
2026/04/24 11:58:57.366, 0, 1007, 46
2026/04/24 11:58:59.387, 100, 6893, 57
2026/04/24 11:59:01.410, 100, 6893, 57
2026/04/24 11:59:03.432, 0, 1007, 47
2026/04/24 11:59:05.452, 99, 6144, 53
2026/04/24 11:59:07.479, 99, 6144, 57
2026/04/24 11:59:09.503, 50, 6144, 52
2026/04/24 11:59:11.523, 2, 6144, 46
2026/04/24 11:59:13.546, 99, 6144, 55
2026/04/24 11:59:15.567, 99, 6144, 57
2026/04/24 11:59:17.587, 0, 3026, 46
2026/04/24 11:59:19.609, 98, 4064, 56
2026/04/24 11:59:21.630, 0, 1007, 46
2026/04/24 11:59:23.649, 99, 8624, 54
2026/04/24 11:59:25.673, 99, 8624, 55
2026/04/24 11:59:27.699, 100, 8624, 57
2026/04/24 11:59:29.722, 0, 1007, 46
2026/04/24 11:59:31.743, 99, 8624, 54
2026/04/24 11:59:33.766, 99, 8624, 55
2026/04/24 11:59:35.828, 99, 8624, 57
2026/04/24 11:59:37.850, 0, 1007, 47
2026/04/24 11:59:39.871, 100, 6893, 55
2026/04/24 11:59:41.897, 100, 6893, 58
2026/04/24 11:59:43.922, 99, 3926, 52
2026/04/24 11:59:45.946, 0, 1007, 46
2026/04/24 11:59:47.967, 99, 6144, 57
2026/04/24 11:59:49.992, 99, 6144, 55
2026/04/24 11:59:52.018, 0, 1007, 46
2026/04/24 11:59:54.037, 98, 4064, 55
2026/04/24 11:59:56.059, 0, 1007, 46
2026/04/24 11:59:58.082, 99, 8624, 56
2026/04/24 12:00:00.106, 99, 8624, 55
2026/04/24 12:00:02.129, 99, 8624, 55
2026/04/24 12:00:04.153, 0, 1007, 47
2026/04/24 12:00:06.177, 98, 4064, 54
2026/04/24 12:00:08.201, 0, 1007, 49
2026/04/24 12:00:10.222, 74, 8624, 51
2026/04/24 12:00:12.247, 99, 8624, 55
2026/04/24 12:00:14.271, 100, 8624, 56
2026/04/24 12:00:16.294, 100, 8624, 55
2026/04/24 12:00:18.315, 0, 3496, 46
2026/04/24 12:00:20.336, 98, 4064, 56
2026/04/24 12:00:22.359, 0, 1007, 45
2026/04/24 12:00:24.379, 98, 4064, 54
2026/04/24 12:00:26.402, 0, 1007, 46
2026/04/24 12:00:28.423, 99, 8624, 56
2026/04/24 12:00:30.448, 99, 8624, 54
2026/04/24 12:00:32.470, 99, 8624, 55
2026/04/24 12:00:34.493, 0, 1007, 46
2026/04/24 12:00:36.513, 99, 6144, 54
2026/04/24 12:00:38.537, 99, 6144, 56
2026/04/24 12:00:40.558, 9, 1007, 47
2026/04/24 12:00:42.578, 99, 6144, 54
2026/04/24 12:00:44.601, 99, 6144, 55
2026/04/24 12:00:46.624, 10, 6144, 50
2026/04/24 12:00:48.646, 26, 6144, 48
2026/04/24 12:00:50.667, 99, 6144, 55
2026/04/24 12:00:52.689, 99, 6144, 56
2026/04/24 12:00:54.709, 0, 2314, 45
2026/04/24 12:00:56.731, 100, 8624, 54
2026/04/24 12:00:58.756, 99, 8624, 57
2026/04/24 12:01:00.778, 99, 8624, 55
2026/04/24 12:01:02.799, 0, 1007, 46
2026/04/24 12:01:04.819, 100, 6893, 56
2026/04/24 12:01:06.844, 100, 6893, 56
2026/04/24 12:01:08.866, 0, 1007, 47
2026/04/24 12:01:10.887, 54, 6144, 53
2026/04/24 12:01:12.909, 99, 6144, 56
2026/04/24 12:01:14.931, 99, 6144, 55
2026/04/24 12:01:16.954, 6, 8624, 45
2026/04/24 12:01:18.979, 99, 8624, 56
2026/04/24 12:01:21.003, 100, 8624, 55
2026/04/24 12:01:23.030, 99, 8624, 57
2026/04/24 12:01:25.056, 0, 1230, 46
2026/04/24 12:01:27.077, 99, 6144, 57
2026/04/24 12:01:29.157, 99, 6144, 55
2026/04/24 12:01:31.235, 0, 1007, 46
2026/04/24 12:01:33.256, 99, 6144, 54
2026/04/24 12:01:35.283, 99, 6144, 56
2026/04/24 12:01:37.306, 0, 1007, 46
2026/04/24 12:01:39.377, 99, 6144, 54
2026/04/24 12:01:41.445, 99, 6144, 57
2026/04/24 12:01:43.467, 0, 1007, 46
2026/04/24 12:01:45.487, 99, 6144, 54
2026/04/24 12:01:47.513, 99, 6144, 55
2026/04/24 12:01:49.539, 0, 1007, 47
2026/04/24 12:01:51.561, 99, 8624, 55
2026/04/24 12:01:53.585, 99, 8624, 57
2026/04/24 12:01:55.609, 99, 8624, 55
2026/04/24 12:01:57.633, 5, 1007, 47
2026/04/24 12:01:59.653, 99, 6144, 52
2026/04/24 12:02:01.679, 99, 6144, 56
2026/04/24 12:02:03.705, 99, 6144, 58
2026/04/24 12:02:05.725, 1, 3496, 46
2026/04/24 12:02:07.746, 98, 4064, 56
2026/04/24 12:02:09.766, 0, 1007, 45
2026/04/24 12:02:11.787, 99, 8624, 55
2026/04/24 12:02:13.810, 100, 8624, 57
2026/04/24 12:02:15.832, 100, 8624, 56
2026/04/24 12:02:17.857, 0, 1007, 46
2026/04/24 12:02:19.877, 99, 6144, 54
2026/04/24 12:02:21.898, 99, 6144, 56
2026/04/24 12:02:23.919, 0, 1007, 47
2026/04/24 12:02:25.940, 99, 6144, 55
2026/04/24 12:02:27.964, 99, 6144, 57
2026/04/24 12:02:29.986, 0, 1007, 48
2026/04/24 12:02:32.007, 98, 4064, 55
2026/04/24 12:02:34.030, 88, 4064, 56
2026/04/24 12:02:36.051, 25, 6144, 46
2026/04/24 12:02:38.075, 99, 6144, 56
2026/04/24 12:02:40.097, 99, 6144, 58
2026/04/24 12:02:42.118, 1, 6144, 45
2026/04/24 12:02:44.141, 99, 6144, 55
2026/04/24 12:02:46.164, 99, 6144, 55
2026/04/24 12:02:48.186, 0, 5944, 46
2026/04/24 12:02:50.214, 99, 6144, 55
2026/04/24 12:02:52.237, 99, 6144, 55
2026/04/24 12:02:54.258, 5, 1534, 45
2026/04/24 12:02:56.279, 99, 6144, 54
2026/04/24 12:02:58.303, 99, 6144, 55
2026/04/24 12:03:00.323, 0, 1007, 46
2026/04/24 12:03:02.343, 99, 6144, 55
2026/04/24 12:03:04.368, 99, 6144, 55
2026/04/24 12:03:06.392, 0, 1007, 46
2026/04/24 12:03:08.412, 99, 6144, 55
2026/04/24 12:03:10.436, 99, 6144, 57
2026/04/24 12:03:12.460, 0, 1007, 46
2026/04/24 12:03:14.482, 99, 8624, 56
2026/04/24 12:03:16.510, 100, 8624, 57
2026/04/24 12:03:18.532, 99, 8624, 55
2026/04/24 12:03:20.558, 13, 1007, 47
2026/04/24 12:03:22.579, 99, 6144, 54
2026/04/24 12:03:24.602, 99, 6144, 55
2026/04/24 12:03:26.626, 0, 1007, 48
2026/04/24 12:03:28.647, 73, 6144, 52
2026/04/24 12:03:30.669, 99, 6144, 55
2026/04/24 12:03:32.690, 99, 6144, 57
2026/04/24 12:03:34.712, 5, 8624, 46
2026/04/24 12:03:36.741, 99, 8624, 56
2026/04/24 12:03:38.766, 100, 8624, 56
2026/04/24 12:03:40.789, 100, 8624, 55
2026/04/24 12:03:42.813, 0, 2314, 46
2026/04/24 12:03:44.835, 99, 8624, 57
2026/04/24 12:03:46.861, 99, 8624, 55
2026/04/24 12:03:48.883, 99, 8624, 56
2026/04/24 12:03:50.905, 0, 1007, 46
2026/04/24 12:03:52.926, 99, 6144, 57
2026/04/24 12:03:54.949, 99, 6144, 57
2026/04/24 12:03:56.971, 0, 1007, 46
2026/04/24 12:03:58.992, 99, 6144, 57
2026/04/24 12:04:01.018, 99, 6144, 55
2026/04/24 12:04:03.042, 0, 1007, 46
2026/04/24 12:04:05.064, 98, 4064, 54
2026/04/24 12:04:07.085, 5, 1007, 47
2026/04/24 12:04:09.108, 99, 6144, 56
2026/04/24 12:04:11.131, 99, 6144, 55
2026/04/24 12:04:13.156, 0, 1007, 48
2026/04/24 12:04:15.176, 55, 4064, 47
2026/04/24 12:04:17.201, 98, 4064, 56
2026/04/24 12:04:19.226, 5, 6144, 45
2026/04/24 12:04:21.250, 99, 6144, 54
2026/04/24 12:04:23.273, 99, 6144, 56
2026/04/24 12:04:25.293, 0, 3504, 45
2026/04/24 12:04:27.315, 98, 4064, 55
2026/04/24 12:04:29.344, 0, 1026, 45
2026/04/24 12:04:31.365, 100, 8624, 56
2026/04/24 12:04:33.388, 100, 8624, 55
2026/04/24 12:04:35.413, 99, 8624, 57
2026/04/24 12:04:37.437, 0, 1007, 47
2026/04/24 12:04:39.459, 100, 6893, 56
2026/04/24 12:04:41.484, 100, 6893, 56
2026/04/24 12:04:43.507, 0, 1007, 47
2026/04/24 12:04:45.527, 99, 4064, 53
2026/04/24 12:04:47.549, 62, 4064, 52
2026/04/24 12:04:49.597, 42, 8580, 50
2026/04/24 12:04:51.639, 99, 8624, 54
2026/04/24 12:04:53.663, 99, 8624, 56
2026/04/24 12:04:55.686, 100, 8624, 56
2026/04/24 12:04:57.709, 0, 1007, 46
2026/04/24 12:04:59.764, 98, 4064, 55
2026/04/24 12:05:01.826, 0, 1007, 46
2026/04/24 12:05:03.848, 99, 6144, 54
2026/04/24 12:05:05.872, 99, 6144, 55
2026/04/24 12:05:07.898, 0, 1007, 46
2026/04/24 12:05:09.918, 98, 4064, 54
2026/04/24 12:05:11.943, 5, 1007, 46
2026/04/24 12:05:13.964, 98, 4064, 55
2026/04/24 12:05:15.987, 0, 1007, 47
2026/04/24 12:05:18.008, 98, 4064, 54
2026/04/24 12:05:20.028, 5, 1007, 46
2026/04/24 12:05:22.049, 99, 6144, 53
2026/04/24 12:05:24.076, 99, 6144, 55
2026/04/24 12:05:26.100, 0, 6144, 47
2026/04/24 12:05:28.124, 87, 8624, 53
2026/04/24 12:05:30.148, 99, 8624, 54
2026/04/24 12:05:32.173, 99, 8624, 55
2026/04/24 12:05:34.198, 100, 8624, 56
2026/04/24 12:05:36.220, 1, 3006, 45
2026/04/24 12:05:38.243, 98, 4064, 56
2026/04/24 12:05:40.265, 0, 1007, 45
2026/04/24 12:05:42.288, 100, 8624, 55
2026/04/24 12:05:44.311, 100, 8624, 55
2026/04/24 12:05:46.335, 99, 8624, 57
2026/04/24 12:05:48.361, 0, 1007, 46
2026/04/24 12:05:50.382, 99, 8624, 54
2026/04/24 12:05:52.405, 100, 8624, 56
2026/04/24 12:05:54.429, 99, 8624, 55
2026/04/24 12:05:56.453, 0, 1007, 47
2026/04/24 12:05:58.474, 98, 4064, 53
2026/04/24 12:06:00.500, 98, 4064, 53
2026/04/24 12:06:02.521, 5, 6144, 45
2026/04/24 12:06:04.544, 99, 6144, 54
2026/04/24 12:06:06.566, 99, 6144, 57
2026/04/24 12:06:08.587, 0, 4064, 45
2026/04/24 12:06:10.609, 98, 4064, 55
2026/04/24 12:06:12.632, 13, 3496, 46
2026/04/24 12:06:14.653, 98, 4064, 56
2026/04/24 12:06:16.680, 0, 1018, 45
2026/04/24 12:06:18.702, 99, 4064, 55
2026/04/24 12:06:20.726, 0, 1007, 45
2026/04/24 12:06:22.747, 99, 8624, 55
2026/04/24 12:06:24.771, 100, 8624, 54
2026/04/24 12:06:26.794, 99, 8624, 57
2026/04/24 12:06:28.819, 0, 1007, 46
2026/04/24 12:06:30.839, 99, 6144, 55
2026/04/24 12:06:32.862, 99, 6144, 55
2026/04/24 12:06:34.892, 0, 1007, 48
2026/04/24 12:06:36.911, 65, 4064, 54
2026/04/24 12:06:38.933, 98, 4064, 56
2026/04/24 12:06:40.955, 5, 4064, 45
2026/04/24 12:06:42.980, 98, 4064, 56
2026/04/24 12:06:45.002, 0, 2108, 45
2026/04/24 12:06:47.024, 100, 8624, 54
2026/04/24 12:06:49.049, 99, 8624, 57
2026/04/24 12:06:51.074, 99, 8624, 55
2026/04/24 12:06:53.100, 0, 1007, 46
2026/04/24 12:06:55.121, 98, 4064, 54
2026/04/24 12:06:57.147, 0, 1007, 46
2026/04/24 12:06:59.167, 99, 6144, 54
2026/04/24 12:07:01.189, 99, 6144, 57
2026/04/24 12:07:03.211, 0, 1007, 46
2026/04/24 12:07:05.231, 98, 4064, 53
2026/04/24 12:07:07.256, 0, 1007, 46
2026/04/24 12:07:09.278, 100, 6893, 55
2026/04/24 12:07:11.310, 100, 6893, 55
2026/04/24 12:07:13.334, 99, 3926, 52
2026/04/24 12:07:15.355, 3, 5530, 45
2026/04/24 12:07:17.376, 99, 6144, 55
2026/04/24 12:07:19.402, 99, 6144, 56
2026/04/24 12:07:21.425, 0, 1872, 45
2026/04/24 12:07:23.446, 99, 6144, 55
2026/04/24 12:07:25.473, 99, 6144, 57
2026/04/24 12:07:27.498, 0, 1032, 45
2026/04/24 12:07:29.519, 100, 8624, 55
2026/04/24 12:07:31.544, 99, 8624, 54
2026/04/24 12:07:33.569, 99, 8624, 57
2026/04/24 12:07:35.592, 0, 1007, 46
2026/04/24 12:07:37.613, 99, 8624, 56
2026/04/24 12:07:39.639, 100, 8624, 56
2026/04/24 12:07:41.663, 99, 8624, 55
2026/04/24 12:07:43.685, 10, 1007, 47
2026/04/24 12:07:45.706, 98, 4064, 55
2026/04/24 12:07:47.729, 0, 1007, 47
2026/04/24 12:07:49.750, 99, 6144, 52
2026/04/24 12:07:51.777, 99, 6144, 54
2026/04/24 12:07:53.809, 99, 1007, 56
2026/04/24 12:07:55.829, 37, 8624, 47
2026/04/24 12:07:57.856, 99, 8624, 55
2026/04/24 12:07:59.944, 100, 8624, 57
2026/04/24 12:08:02.036, 78, 8624, 55
2026/04/24 12:08:04.057, 13, 4064, 49
2026/04/24 12:08:06.082, 98, 4064, 55
2026/04/24 12:08:08.104, 0, 5512, 45
2026/04/24 12:08:10.168, 99, 6144, 56
2026/04/24 12:08:12.244, 99, 6144, 55
2026/04/24 12:08:14.266, 0, 2108, 45
2026/04/24 12:08:16.287, 99, 8624, 55
2026/04/24 12:08:18.310, 99, 8624, 55
2026/04/24 12:08:20.334, 99, 8624, 55
2026/04/24 12:08:22.361, 0, 1007, 46
2026/04/24 12:08:24.383, 99, 6144, 57
2026/04/24 12:08:26.405, 99, 6144, 55
2026/04/24 12:08:28.426, 0, 1007, 46
2026/04/24 12:08:30.447, 98, 4064, 56
2026/04/24 12:08:32.471, 0, 1007, 46
2026/04/24 12:08:34.491, 99, 6144, 53
2026/04/24 12:08:36.513, 99, 6144, 54
2026/04/24 12:08:38.534, 0, 1007, 47
2026/04/24 12:08:40.554, 99, 8624, 53
2026/04/24 12:08:42.580, 99, 8624, 55
2026/04/24 12:08:44.606, 100, 8624, 55
2026/04/24 12:08:46.629, 99, 8624, 58
2026/04/24 12:08:48.650, 0, 1638, 45
2026/04/24 12:08:50.671, 98, 4064, 56
2026/04/24 12:08:52.695, 0, 1007, 45
2026/04/24 12:08:54.716, 99, 8624, 56
2026/04/24 12:08:56.743, 99, 8624, 54
2026/04/24 12:08:58.767, 99, 8624, 56
2026/04/24 12:09:00.790, 0, 1007, 46
2026/04/24 12:09:02.811, 99, 8624, 56
2026/04/24 12:09:04.836, 99, 8624, 55
2026/04/24 12:09:06.859, 99, 8624, 55
2026/04/24 12:09:08.883, 0, 1007, 47
2026/04/24 12:09:10.904, 21, 4064, 51
2026/04/24 12:09:12.925, 98, 4064, 55
2026/04/24 12:09:14.947, 0, 6144, 45
2026/04/24 12:09:16.973, 99, 6144, 56
2026/04/24 12:09:19.044, 70, 6144, 53
2026/04/24 12:09:21.064, 1, 1722, 45
2026/04/24 12:09:23.085, 98, 4064, 56
2026/04/24 12:09:25.111, 0, 1018, 45
2026/04/24 12:09:27.136, 99, 6144, 55
2026/04/24 12:09:29.161, 99, 6144, 55
2026/04/24 12:09:31.184, 0, 1007, 45
2026/04/24 12:09:33.206, 99, 4064, 56
2026/04/24 12:09:35.227, 0, 1007, 45
2026/04/24 12:09:37.248, 99, 4064, 55
2026/04/24 12:09:39.270, 0, 1007, 46
2026/04/24 12:09:41.290, 99, 6144, 55
2026/04/24 12:09:43.315, 99, 6144, 54
2026/04/24 12:09:45.342, 0, 1007, 47
2026/04/24 12:09:47.363, 89, 8624, 53
2026/04/24 12:09:49.386, 99, 8624, 54
2026/04/24 12:09:51.412, 99, 8624, 56
2026/04/24 12:09:53.436, 100, 8624, 55
2026/04/24 12:09:55.456, 0, 4064, 45
2026/04/24 12:09:57.482, 98, 4064, 57
2026/04/24 12:09:59.505, 0, 2556, 45
2026/04/24 12:10:01.526, 98, 4064, 55
2026/04/24 12:10:03.550, 0, 1007, 45
2026/04/24 12:10:05.570, 99, 8624, 54
2026/04/24 12:10:07.595, 99, 8624, 56
2026/04/24 12:10:09.621, 100, 8624, 56
2026/04/24 12:10:11.645, 0, 1007, 46
2026/04/24 12:10:13.666, 99, 6144, 54
2026/04/24 12:10:15.688, 99, 6144, 55
2026/04/24 12:10:17.710, 0, 1007, 46
2026/04/24 12:10:19.732, 99, 6144, 56
2026/04/24 12:10:21.759, 99, 6144, 55
2026/04/24 12:10:23.782, 0, 1007, 46
2026/04/24 12:10:25.802, 99, 6144, 53
2026/04/24 12:10:27.825, 99, 6144, 56
2026/04/24 12:10:29.847, 0, 6144, 48
2026/04/24 12:10:31.868, 36, 6144, 49
2026/04/24 12:10:33.891, 99, 6144, 54
2026/04/24 12:10:35.916, 99, 6144, 56
2026/04/24 12:10:37.938, 4, 4064, 45
2026/04/24 12:10:39.965, 98, 4064, 55
2026/04/24 12:10:41.987, 0, 1722, 45
2026/04/24 12:10:44.009, 99, 4064, 55
2026/04/24 12:10:46.038, 0, 1018, 45
2026/04/24 12:10:48.064, 98, 4064, 55
2026/04/24 12:10:50.086, 0, 1007, 45
2026/04/24 12:10:52.106, 99, 8624, 54
2026/04/24 12:10:54.130, 100, 8624, 56
2026/04/24 12:10:56.158, 99, 8624, 54
2026/04/24 12:10:58.181, 13, 1007, 46
2026/04/24 12:11:00.203, 98, 4064, 53
2026/04/24 12:11:02.226, 51, 1007, 51
2026/04/24 12:11:04.247, 99, 6144, 53
2026/04/24 12:11:06.271, 99, 6144, 56
2026/04/24 12:11:08.297, 0, 6144, 47
2026/04/24 12:11:10.357, 74, 8624, 49
2026/04/24 12:11:12.422, 99, 8624, 56
2026/04/24 12:11:14.445, 99, 8624, 55
2026/04/24 12:11:16.469, 99, 8624, 55
2026/04/24 12:11:18.490, 0, 1872, 45
2026/04/24 12:11:20.559, 99, 6144, 56
2026/04/24 12:11:22.629, 99, 6144, 55
2026/04/24 12:11:24.651, 0, 1560, 45
2026/04/24 12:11:26.671, 98, 4064, 56
2026/04/24 12:11:28.695, 0, 1007, 45
2026/04/24 12:11:30.717, 99, 6144, 54
2026/04/24 12:11:32.743, 99, 6144, 57
2026/04/24 12:11:34.768, 0, 1007, 46
2026/04/24 12:11:36.788, 100, 6893, 56
2026/04/24 12:11:38.811, 100, 6893, 56
2026/04/24 12:11:40.833, 0, 1007, 46
2026/04/24 12:11:42.855, 98, 4064, 55
2026/04/24 12:11:44.878, 0, 4064, 46
2026/04/24 12:11:46.897, 98, 4064, 53
2026/04/24 12:11:48.920, 27, 4064, 50
2026/04/24 12:11:50.942, 13, 4064, 46
2026/04/24 12:11:52.964, 98, 4064, 55
2026/04/24 12:11:54.988, 0, 1446, 45
2026/04/24 12:11:57.010, 98, 4064, 56
2026/04/24 12:11:59.033, 0, 1007, 45
2026/04/24 12:12:01.055, 98, 4064, 54
2026/04/24 12:12:03.077, 0, 1007, 45
2026/04/24 12:12:05.097, 99, 6144, 53
2026/04/24 12:12:07.124, 99, 6144, 54
2026/04/24 12:12:09.148, 0, 1007, 45
2026/04/24 12:12:11.169, 99, 6144, 53
2026/04/24 12:12:13.193, 99, 6144, 55
2026/04/24 12:12:15.216, 9, 1007, 46
2026/04/24 12:12:17.237, 100, 6893, 56
2026/04/24 12:12:19.263, 100, 6893, 56
2026/04/24 12:12:21.289, 99, 3926, 52
2026/04/24 12:12:23.311, 4, 8624, 45
2026/04/24 12:12:25.336, 99, 8624, 54
2026/04/24 12:12:27.359, 99, 8624, 55
2026/04/24 12:12:29.383, 100, 8624, 56
2026/04/24 12:12:31.406, 0, 1560, 45
2026/04/24 12:12:33.426, 98, 4064, 56
2026/04/24 12:12:35.448, 0, 1007, 45
2026/04/24 12:12:37.469, 98, 4064, 56
2026/04/24 12:12:39.492, 0, 1007, 45
2026/04/24 12:12:41.512, 99, 6144, 54
2026/04/24 12:12:43.535, 99, 6144, 55
2026/04/24 12:12:45.561, 0, 1007, 45
2026/04/24 12:12:47.582, 99, 8624, 56
2026/04/24 12:12:49.608, 99, 8624, 54
2026/04/24 12:12:51.636, 99, 8624, 55
2026/04/24 12:12:53.661, 13, 1007, 47
2026/04/24 12:12:55.681, 99, 6144, 55
2026/04/24 12:12:57.703, 99, 6144, 56
2026/04/24 12:12:59.724, 0, 1007, 47
2026/04/24 12:13:01.744, 99, 6144, 53
2026/04/24 12:13:03.765, 99, 6144, 56
2026/04/24 12:13:05.786, 20, 6144, 50
2026/04/24 12:13:07.807, 42, 8624, 50
2026/04/24 12:13:09.831, 99, 8624, 54
2026/04/24 12:13:11.854, 99, 8624, 55
2026/04/24 12:13:13.880, 100, 8624, 57
2026/04/24 12:13:15.902, 0, 1446, 46
2026/04/24 12:13:17.926, 98, 4064, 54
2026/04/24 12:13:19.947, 0, 1007, 45
2026/04/24 12:13:21.967, 99, 6144, 54
2026/04/24 12:13:23.992, 99, 6144, 55
2026/04/24 12:13:26.017, 0, 1007, 45
2026/04/24 12:13:28.037, 100, 8624, 54
2026/04/24 12:13:30.059, 99, 8624, 56
2026/04/24 12:13:32.084, 100, 8624, 56
2026/04/24 12:13:34.106, 0, 1007, 46
2026/04/24 12:13:36.127, 99, 6144, 57
2026/04/24 12:13:38.150, 99, 6144, 55
2026/04/24 12:13:40.171, 0, 1007, 46
2026/04/24 12:13:42.192, 100, 8624, 55
2026/04/24 12:13:44.219, 99, 8624, 54
2026/04/24 12:13:46.244, 99, 8624, 56
2026/04/24 12:13:48.267, 99, 8624, 56
2026/04/24 12:13:50.288, 25, 6144, 46
2026/04/24 12:13:52.310, 99, 6144, 57
2026/04/24 12:13:54.332, 99, 6144, 55
2026/04/24 12:13:56.353, 0, 5522, 45
2026/04/24 12:13:58.374, 99, 6144, 55
2026/04/24 12:14:00.400, 99, 6144, 55
2026/04/24 12:14:02.423, 0, 1032, 46
2026/04/24 12:14:04.443, 98, 4064, 54
2026/04/24 12:14:06.464, 0, 1007, 46
2026/04/24 12:14:08.485, 99, 6144, 55
2026/04/24 12:14:10.508, 99, 6144, 57
2026/04/24 12:14:12.529, 0, 1007, 46
2026/04/24 12:14:14.549, 100, 8624, 55
2026/04/24 12:14:16.573, 100, 8624, 54
2026/04/24 12:14:18.598, 99, 8624, 58
2026/04/24 12:14:20.621, 0, 1007, 47
2026/04/24 12:14:22.642, 99, 8624, 54
2026/04/24 12:14:24.666, 99, 8624, 56
2026/04/24 12:14:26.691, 99, 8624, 56
2026/04/24 12:14:28.714, 0, 1007, 47
2026/04/24 12:14:30.759, 99, 6144, 55
2026/04/24 12:14:32.844, 99, 6144, 56
2026/04/24 12:14:34.866, 59, 6144, 55
2026/04/24 12:14:36.888, 9, 6144, 46
2026/04/24 12:14:38.914, 99, 6144, 55
2026/04/24 12:14:40.963, 99, 6144, 55
2026/04/24 12:14:42.989, 0, 3204, 46
2026/04/24 12:14:45.011, 98, 4064, 56
2026/04/24 12:14:47.035, 0, 1030, 46
2026/04/24 12:14:49.056, 100, 8624, 55
2026/04/24 12:14:51.081, 99, 8624, 55
2026/04/24 12:14:53.105, 99, 8624, 55
2026/04/24 12:14:55.128, 0, 1007, 46
2026/04/24 12:14:57.148, 98, 4064, 55
2026/04/24 12:14:59.169, 5, 1007, 47
2026/04/24 12:15:01.189, 99, 6144, 54
2026/04/24 12:15:03.215, 99, 6144, 56
2026/04/24 12:15:05.240, 0, 1007, 46
2026/04/24 12:15:07.260, 98, 4064, 56
2026/04/24 12:15:09.282, 5, 1007, 46
2026/04/24 12:15:11.305, 98, 4064, 54
2026/04/24 12:15:13.328, 0, 4064, 47
2026/04/24 12:15:15.349, 99, 8624, 52
2026/04/24 12:15:17.372, 99, 8624, 56
2026/04/24 12:15:19.398, 99, 8624, 55
2026/04/24 12:15:21.422, 99, 8624, 55
2026/04/24 12:15:23.442, 5, 5522, 45
2026/04/24 12:15:25.466, 99, 6144, 57
2026/04/24 12:15:27.491, 99, 6144, 55
2026/04/24 12:15:29.513, 0, 1286, 45
2026/04/24 12:15:31.536, 99, 6144, 55
2026/04/24 12:15:33.564, 99, 6144, 55
2026/04/24 12:15:35.588, 0, 1007, 46
2026/04/24 12:15:37.610, 100, 8624, 56
2026/04/24 12:15:39.634, 99, 8624, 56
2026/04/24 12:15:41.659, 99, 8624, 54
2026/04/24 12:15:43.683, 13, 1007, 47
2026/04/24 12:15:45.704, 98, 4064, 55
2026/04/24 12:15:47.728, 0, 1007, 47
2026/04/24 12:15:49.749, 98, 4064, 53
2026/04/24 12:15:51.773, 98, 4064, 56
2026/04/24 12:15:53.795, 1, 4064, 45
2026/04/24 12:15:55.818, 98, 4064, 56
2026/04/24 12:15:57.856, 74, 8628, 51
2026/04/24 12:15:59.878, 99, 8628, 54
2026/04/24 12:16:01.903, 100, 8628, 57
2026/04/24 12:16:03.927, 100, 8628, 55
2026/04/24 12:16:05.950, 0, 1626, 45
2026/04/24 12:16:07.971, 99, 8624, 56
2026/04/24 12:16:09.998, 99, 8624, 56
2026/04/24 12:16:12.021, 99, 8624, 55
2026/04/24 12:16:14.044, 0, 1008, 46
2026/04/24 12:16:16.065, 99, 8624, 54
2026/04/24 12:16:18.087, 99, 8624, 56
2026/04/24 12:16:20.110, 100, 8624, 56
2026/04/24 12:16:22.132, 13, 1008, 47
2026/04/24 12:16:24.152, 99, 8624, 55
2026/04/24 12:16:26.176, 100, 8624, 56
2026/04/24 12:16:28.200, 99, 8624, 55
2026/04/24 12:16:30.224, 100, 8624, 50
2026/04/24 12:16:32.246, 4, 4064, 46
2026/04/24 12:16:34.268, 99, 4064, 55
2026/04/24 12:16:36.289, 0, 6144, 46
2026/04/24 12:16:38.310, 99, 6144, 56
2026/04/24 12:16:40.333, 99, 6144, 57
2026/04/24 12:16:42.357, 0, 2108, 46
2026/04/24 12:16:44.379, 99, 8624, 56
2026/04/24 12:16:46.401, 100, 8624, 55
2026/04/24 12:16:48.425, 99, 8624, 56
2026/04/24 12:16:50.447, 0, 1008, 46
2026/04/24 12:16:52.470, 99, 6144, 55
2026/04/24 12:16:54.495, 99, 6144, 56
2026/04/24 12:16:56.521, 0, 1008, 46
2026/04/24 12:16:58.543, 99, 6144, 57
2026/04/24 12:17:00.565, 99, 6144, 55
2026/04/24 12:17:02.586, 0, 1008, 47
2026/04/24 12:17:04.607, 99, 4064, 54
2026/04/24 12:17:06.627, 0, 1008, 47
2026/04/24 12:17:08.648, 100, 8624, 54
2026/04/24 12:17:10.673, 99, 8624, 55
2026/04/24 12:17:12.696, 99, 8624, 57
2026/04/24 12:17:14.722, 100, 8624, 55
2026/04/24 12:17:16.745, 1, 4064, 46
2026/04/24 12:17:18.768, 99, 4064, 56
2026/04/24 12:17:20.791, 0, 3496, 45
2026/04/24 12:17:22.812, 98, 4064, 55
2026/04/24 12:17:24.833, 0, 1560, 45
2026/04/24 12:17:26.854, 98, 4064, 56
2026/04/24 12:17:28.879, 0, 1008, 45
2026/04/24 12:17:30.900, 98, 4064, 56
2026/04/24 12:17:32.924, 0, 1008, 45
2026/04/24 12:17:34.945, 99, 6144, 55
2026/04/24 12:17:36.969, 99, 6144, 54
2026/04/24 12:17:38.993, 0, 1008, 46
2026/04/24 12:17:41.014, 99, 4064, 54
2026/04/24 12:17:43.038, 0, 1008, 46
2026/04/24 12:17:45.059, 99, 6144, 53
2026/04/24 12:17:47.085, 99, 6144, 55
2026/04/24 12:17:49.107, 9, 1008, 46
2026/04/24 12:17:51.160, 98, 4064, 55
2026/04/24 12:17:53.226, 0, 1008, 47
2026/04/24 12:17:55.247, 95, 8624, 53
2026/04/24 12:17:57.271, 99, 8624, 54
2026/04/24 12:17:59.300, 99, 8624, 55
2026/04/24 12:18:01.338, 100, 8624, 56
2026/04/24 12:18:03.383, 0, 5530, 45
2026/04/24 12:18:05.406, 99, 6144, 54
2026/04/24 12:18:07.431, 99, 6144, 56
2026/04/24 12:18:09.454, 0, 1622, 45
2026/04/24 12:18:11.478, 99, 8624, 54
2026/04/24 12:18:13.504, 99, 8624, 54
2026/04/24 12:18:15.526, 99, 8624, 56
2026/04/24 12:18:17.550, 0, 1008, 46
2026/04/24 12:18:19.572, 99, 6144, 54
2026/04/24 12:18:21.597, 99, 6144, 55
2026/04/24 12:18:23.620, 9, 1008, 47
2026/04/24 12:18:25.640, 99, 6144, 54
2026/04/24 12:18:27.665, 99, 6144, 55
2026/04/24 12:18:29.688, 0, 1008, 46
2026/04/24 12:18:31.709, 99, 4064, 54
2026/04/24 12:18:33.732, 0, 1008, 47
2026/04/24 12:18:35.752, 99, 8624, 55
2026/04/24 12:18:37.775, 99, 8624, 56
2026/04/24 12:18:39.798, 99, 8624, 54
2026/04/24 12:18:41.824, 100, 8624, 57
2026/04/24 12:18:43.846, 26, 6144, 49
2026/04/24 12:18:45.871, 99, 6144, 56
2026/04/24 12:18:47.894, 99, 6144, 57
2026/04/24 12:18:49.915, 5, 8608, 46
2026/04/24 12:18:51.941, 100, 8624, 56
2026/04/24 12:18:53.966, 100, 8624, 56
2026/04/24 12:18:55.990, 99, 8624, 55
2026/04/24 12:18:58.013, 0, 1008, 46
2026/04/24 12:19:00.034, 98, 4064, 55
2026/04/24 12:19:02.059, 0, 1008, 46
2026/04/24 12:19:04.080, 98, 4064, 56
2026/04/24 12:19:06.104, 0, 1008, 46
2026/04/24 12:19:08.125, 98, 4064, 56
2026/04/24 12:19:10.146, 0, 1008, 47
2026/04/24 12:19:12.166, 97, 4064, 53
2026/04/24 12:19:14.187, 98, 4064, 57
2026/04/24 12:19:16.208, 3, 6144, 45
2026/04/24 12:19:18.275, 99, 6144, 54
2026/04/24 12:19:20.298, 0, 6144, 49
2026/04/24 12:19:22.320, 42, 8608, 49
2026/04/24 12:19:24.347, 99, 8624, 54
2026/04/24 12:19:26.369, 99, 8624, 57
2026/04/24 12:19:28.393, 99, 8624, 56
2026/04/24 12:19:30.416, 0, 1008, 45
2026/04/24 12:19:32.437, 99, 6144, 56
2026/04/24 12:19:34.465, 99, 6144, 57
2026/04/24 12:19:36.488, 0, 1008, 46
2026/04/24 12:19:38.509, 99, 6144, 56
2026/04/24 12:19:40.533, 99, 6144, 55
2026/04/24 12:19:42.557, 0, 1008, 46
2026/04/24 12:19:44.579, 99, 8624, 54
2026/04/24 12:19:46.603, 99, 8624, 56
2026/04/24 12:19:48.629, 100, 8624, 55
2026/04/24 12:19:50.652, 13, 1008, 47
2026/04/24 12:19:52.673, 98, 4064, 54
2026/04/24 12:19:54.697, 5, 1008, 49
2026/04/24 12:19:56.717, 37, 8624, 46
2026/04/24 12:19:58.742, 100, 8624, 56
2026/04/24 12:20:00.768, 100, 8624, 54
2026/04/24 12:20:02.790, 99, 8624, 56
2026/04/24 12:20:04.812, 0, 7488, 46
2026/04/24 12:20:06.835, 100, 8624, 54
2026/04/24 12:20:08.859, 99, 8624, 56
2026/04/24 12:20:10.885, 100, 8624, 57
2026/04/24 12:20:12.906, 0, 1008, 46
2026/04/24 12:20:14.927, 99, 6144, 55
2026/04/24 12:20:16.952, 99, 6144, 55
2026/04/24 12:20:18.979, 0, 1008, 46
2026/04/24 12:20:20.999, 98, 4064, 56
2026/04/24 12:20:23.023, 0, 1008, 46
2026/04/24 12:20:25.044, 98, 4064, 56
2026/04/24 12:20:27.065, 5, 1008, 46
2026/04/24 12:20:29.085, 98, 4064, 54
2026/04/24 12:20:31.118, 0, 1008, 47
2026/04/24 12:20:33.138, 98, 4064, 53
2026/04/24 12:20:35.161, 98, 4064, 50
2026/04/24 12:20:37.181, 22, 6144, 47
2026/04/24 12:20:39.206, 99, 6144, 55
2026/04/24 12:20:41.229, 99, 6144, 57
2026/04/24 12:20:43.249, 3, 6144, 45
2026/04/24 12:20:45.275, 99, 6144, 57
2026/04/24 12:20:47.301, 99, 6144, 55
2026/04/24 12:20:49.321, 0, 3496, 45
2026/04/24 12:20:51.341, 98, 4064, 56
2026/04/24 12:20:53.364, 0, 1622, 45
2026/04/24 12:20:55.385, 99, 8624, 53
2026/04/24 12:20:57.408, 99, 8624, 56
2026/04/24 12:20:59.430, 99, 8624, 55
2026/04/24 12:21:01.453, 0, 1008, 46
2026/04/24 12:21:03.474, 98, 4064, 56
2026/04/24 12:21:05.503, 0, 1008, 45
2026/04/24 12:21:07.525, 99, 6144, 56
2026/04/24 12:21:09.550, 99, 6144, 55
2026/04/24 12:21:11.598, 0, 1008, 46
2026/04/24 12:21:13.640, 98, 4064, 55
2026/04/24 12:21:15.661, 5, 1008, 46
2026/04/24 12:21:17.682, 99, 4064, 56
2026/04/24 12:21:19.705, 0, 1008, 46
2026/04/24 12:21:21.780, 88, 8624, 52
2026/04/24 12:21:23.891, 99, 8624, 56
2026/04/24 12:21:25.915, 99, 8624, 55
2026/04/24 12:21:27.938, 100, 8624, 57
2026/04/24 12:21:29.958, 0, 6144, 45
2026/04/24 12:21:31.982, 99, 6144, 55
2026/04/24 12:21:34.007, 99, 6144, 55
2026/04/24 12:21:36.030, 26, 5522, 50
2026/04/24 12:21:38.051, 99, 6144, 55
2026/04/24 12:21:40.076, 99, 6144, 57
2026/04/24 12:21:42.100, 0, 1534, 45
2026/04/24 12:21:44.121, 99, 6144, 56
2026/04/24 12:21:46.145, 99, 6144, 56
2026/04/24 12:21:48.167, 0, 1008, 45
2026/04/24 12:21:50.186, 99, 4064, 54
2026/04/24 12:21:52.208, 0, 1008, 45
2026/04/24 12:21:54.228, 99, 6144, 56
2026/04/24 12:21:56.250, 99, 6144, 54
2026/04/24 12:21:58.271, 0, 1008, 46
2026/04/24 12:22:00.292, 99, 4064, 54
2026/04/24 12:22:02.315, 0, 1008, 46
2026/04/24 12:22:04.335, 98, 4064, 54
2026/04/24 12:22:06.358, 0, 1008, 46
2026/04/24 12:22:08.379, 85, 8624, 53
2026/04/24 12:22:10.403, 99, 8624, 56
2026/04/24 12:22:12.428, 99, 8624, 54
2026/04/24 12:22:14.452, 100, 8624, 56
